Workbook

Sheet Config
A1: Balancing Config
A2: 설정 항목 (Key) | B2: 설정 수치 (Value) | C2: 비고 및 설명
A3: Target_Dungeon_Runs | B3: 5 | C3: 각 구간별 평균 보스 도전을 위한 권장 던전 반복 횟수 (예: 5 또는 6)
A4: Target_TDD_TTK_Ratio_Easy | B4: 1.2 | C4: 적정 스펙을 맞추고 보스 도전시 TDD/TTK 비율. 2인이므로 절반으로 보면된다. (60%)
A5: Target_TDD_TTK_Ratio_Hard | B5: 0.2 | C5: 이전 보스 이후 바로 다음 보스 도전시 TDD/TTK 비율. 못 깨는 것을 상정
A6: XP_Base_Multiplier | B6: 100 | C6: 레벨업 경험치 계산 기본 계수
A7: XP_Exponent | B7: 1.5 | C7: 레벨업 경험치 곡선 지수
A8: Player_HP_Growth | B8: 40 | C8: 레벨당 캐릭터 최대 체력 상승치
A9: Player_ATK_Growth | B9: 3 | C9: 레벨당 캐릭터 공격력 상승치
A10: Player_AS_Growth | B10: 0.03 | C10: 레벨당 캐릭터 공격속도 상승치
A11: Dungeon_Target_TTK | B11: 30 | C11: 평이한 난이도 기준 보스 처치 타겟 시간 (초)
A12: Dungeon_Target_TDD | B12: 20 | C12: 평이한 난이도 기준 플레이어 생존 타겟 시간 (초)
A13: Monster_Target_TTK | B13: 4 | C13: 일반 몬스터 1마리당 목표 처치 시간 (초)
A14: Monster_Target_HP_Loss_Ratio | B14: 0.015 | C14: 몬스터 1마리 처치 시 캐릭터 목표 최대체력 손실 비율 (기본 1.5%)
... A19: Potion_4_Recover_Ratio | B19: 0.6 | C19: 4단계 포션 최대체력 회복률 (상급 및 최종 보스전용)
A21: 던전 1 > 중간 보스 1 > 던전 2 > 중간 보스 2 … 의 방식으로 진행됩니다.
A22: 던전은 포탈 등을 통해 들어가는 던전이 아닌 단순히 중간 보스 전에 탐험 할 곳으로 기대되는 파밍 지역 일대입니다.
A24: TDD란 보스에게 가만히 서서 맞을 경우 죽을 때까지 걸리는 시간입니다.
A25: TTK란 보스를 쉬지 않고 때릴 경우 처치하는데 걸리는 시간입니다.
A27: 여기나온 수치들은 참고용 입니다. 실제 플레이 테스트가 필요합니다.
A28: 배 전투는 고려되지 않았습니다.

Sheet Character_Growth
A1: 캐릭터 레벨 성장 및 능력치 테이블
A2: 레벨 | B2: 체력(HP) | C2: 공격력(ATK) | D2: 공격속도(AS) | E2: 요구경험치(XP) | F2: 누적경험치 | G2: 구간별 평균 획득처 | H2: 도달 기준
A3: 1 | B3: =100+Config!$B$8*(A3-1) -> 100 | C3: =10+Config!$B$9*(A3-1) -> 10 | D3: =1+Config!$B$10*(A3-1) -> 1 | E3: =IF(A3=20,0,INT(Config!$B$6*(A3^Config!$B$7))) -> 100 | F3: =IF(A3=1,0,F2+E2) -> 0 | G3: 하급던전 | H3: 하급보스 도전 준비
A4: 2 | B4: =100+Config!$B$8*(A4-1) -> 140 | C4: =10+Config!$B$9*(A4-1) -> 13 | D4: =1+Config!$B$10*(A4-1) -> 1.03 | E4: =IF(A4=20,0,INT(Config!$B$6*(A4^Config!$B$7))) -> 282 | F4: =IF(A4=1,0,F3+E3) -> 100 | G4: 하급던전 | H4: 하급보스 도전 준비
A5: 3 | B5: =100+Config!$B$8*(A5-1) -> 180 | C5: =10+Config!$B$9*(A5-1) -> 16 | D5: =1+Config!$B$10*(A5-1) -> 1.06 | E5: =IF(A5=20,0,INT(Config!$B$6*(A5^Config!$B$7))) -> 519 | F5: =IF(A5=1,0,F4+E4) -> 382 | G5: 하급던전 | H5: 하급보스 도전 준비
A6: 4 | B6: =100+Config!$B$8*(A6-1) -> 220 | C6: =10+Config!$B$9*(A6-1) -> 19 | D6: =1+Config!$B$10*(A6-1) -> 1.09 | E6: =IF(A6=20,0,INT(Config!$B$6*(A6^Config!$B$7))) -> 800 | F6: =IF(A6=1,0,F5+E5) -> 901 | G6: 하급던전 | H6: 하급보스 도전 준비
A7: 5 | B7: =100+Config!$B$8*(A7-1) -> 260 | C7: =10+Config!$B$9*(A7-1) -> 22 | D7: =1+Config!$B$10*(A7-1) -> 1.12 | E7: =IF(A7=20,0,INT(Config!$B$6*(A7^Config!$B$7))) -> 1118 | F7: =IF(A7=1,0,F6+E6) -> 1701 | G7: 하급보스 처치 | H7: 즉시 6레벨업 보상
A8: 6 | B8: =100+Config!$B$8*(A8-1) -> 300 | C8: =10+Config!$B$9*(A8-1) -> 25 | D8: =1+Config!$B$10*(A8-1) -> 1.15 | E8: =IF(A8=20,0,INT(Config!$B$6*(A8^Config!$B$7))) -> 1469 | F8: =IF(A8=1,0,F7+E7) -> 2819 | G8: 중급던전 | H8: 중급보스 도전 준비
A9: 7 | B9: =100+Config!$B$8*(A9-1) -> 340 | C9: =10+Config!$B$9*(A9-1) -> 28 | D9: =1+Config!$B$10*(A9-1) -> 1.18 | E9: =IF(A9=20,0,INT(Config!$B$6*(A9^Config!$B$7))) -> 1852 | F9: =IF(A9=1,0,F8+E8) -> 4288 | G9: 중급던전 | H9: 중급보스 도전 준비
A10: 8 | B10: =100+Config!$B$8*(A10-1) -> 380 | C10: =10+Config!$B$9*(A10-1) -> 31 | D10: =1+Config!$B$10*(A10-1) -> 1.21 | E10: =IF(A10=20,0,INT(Config!$B$6*(A10^Config!$B$7))) -> 2262 | F10: =IF(A10=1,0,F9+E9) -> 6140 | G10: 중급던전 | H10: 중급보스 도전 준비
A11: 9 | B11: =100+Config!$B$8*(A11-1) -> 420 | C11: =10+Config!$B$9*(A11-1) -> 34 | D11: =1+Config!$B$10*(A11-1) -> 1.24 | E11: =IF(A11=20,0,INT(Config!$B$6*(A11^Config!$B$7))) -> 2700 | F11: =IF(A11=1,0,F10+E10) -> 8402 | G11: 중급던전 | H11: 중급보스 도전 준비
A12: 10 | B12: =100+Config!$B$8*(A12-1) -> 460 | C12: =10+Config!$B$9*(A12-1) -> 37 | D12: =1+Config!$B$10*(A12-1) -> 1.27 | E12: =IF(A12=20,0,INT(Config!$B$6*(A12^Config!$B$7))) -> 3162 | F12: =IF(A12=1,0,F11+E11) -> 11102 | G12: 중급보스 처치 | H12: 즉시 11레벨업 보상
A13: 11 | B13: =100+Config!$B$8*(A13-1) -> 500 | C13: =10+Config!$B$9*(A13-1) -> 40 | D13: =1+Config!$B$10*(A13-1) -> 1.3 | E13: =IF(A13=20,0,INT(Config!$B$6*(A13^Config!$B$7))) -> 3648 | F13: =IF(A13=1,0,F12+E12) -> 14264 | G13: 상급던전 | H13: 상급보스 도전 준비
A14: 12 | B14: =100+Config!$B$8*(A14-1) -> 540 | C14: =10+Config!$B$9*(A14-1) -> 43 | D14: =1+Config!$B$10*(A14-1) -> 1.33 | E14: =IF(A14=20,0,INT(Config!$B$6*(A14^Config!$B$7))) -> 4156 | F14: =IF(A14=1,0,F13+E13) -> 17912 | G14: 상급던전 | H14: 상급보스 도전 준비
... A22: 20 | B22: =100+Config!$B$8*(A22-1) -> 860 | C22: =10+Config!$B$9*(A22-1) -> 67 | D22: =1+Config!$B$10*(A22-1) -> 1.57 | E22: =IF(A22=20,0,INT(Config!$B$6*(A22^Config!$B$7))) -> 0 | F22: =IF(A22=1,0,F21+E21) -> 67128 | G22: 최종보스 공략완료 | H22: 최종 스펙 만렙

Sheet Weapon_Specs
A1: 단계별 무기 스탯 및 다원화 제작법 명세
A2: 등급 | B2: 무기명 | C2: 공격력(ATK) | D2: 공격속도(AS) | E2: 획득 방식 | F2: 필요 재료 1 | G2: 수량 1 | H2: 필요 재료 2 | I2: 수량 2 | J2: 조합서 드롭확률
A3: 1등급 | B3: 하급 철단검 | C3: 8 | D3: 0.05 | E3: 기본 지급 | F3: 해당 없음 | G3: - | H3: 해당 없음 | I3: - | J3: 해당 없음
A4: 2등급 | B4: 정련된 강철검 | C4: 24 | D4: 0.1 | E4: 던전 1 확률 드롭 | F4: 해당 없음 | G4: - | H4: 해당 없음 | I4: - | J4: 해당 없음
A5: 3등급 | B5: 마력 깃든 기사검 | C5: 56 | D5: 0.15 | E5: 던전 2 확률 드롭 | F5: 해당 없음 | G5: - | H5: 해당 없음 | I5: - | J5: 해당 없음
A6: 4등급 | B6: 아다만티움 그레이트소드 | C6: 120 | D6: 0.2 | E6: 던전 3 재료 및 조합서 확률 드롭 | F6: 3등급 재료(미스릴 원석) | G6: 15 | H6: 4등급 재료(아다만티움 원석) | I6: 10 | J6: 0.1
A7: 5등급 | B7: 드래곤 슬레이어 | C7: 250 | D7: 0.3 | E7: 던전 4 재료 및 조합서 확률 드롭 | F7: 4등급 재료(아다만티움 원석) | G7: 20 | H7: 5등급 재료(드래곤 뼈) | I7: 15 | J7: 0.08
A9: 체력 회복 포션 스펙 및 소모품 제작 레시피
A10: 소모품등급 | B10: 포션 명칭 | C10: 체력 회복량 | D10: 재사용 대기시간 | E10: 획득 유형 | F10: 필요 재료 1 | G10: 수량 1 | H10: 필요 재료 2 | I10: 수량 2 | J10: 조합서 필요여부
A11: 2단계 | B11: 하급 생명력 포션 | C11: =Config!$B$17 -> 0.2 | D11: =Config!$B$15 -> 10 | E11: 던전 1, 2 확률 드롭 / 제작 | F11: 1등급 재료(동광석) | G11: 5 | H11: 2등급 재료(철광석) | I11: 1 | J11: 불필요
A12: 3단계 | B12: 중급 생명력 포션 | C12: =Config!$B$18 -> 0.4 | D12: =Config!$B$15 -> 10 | E12: 던전 2, 3 확률 드롭 / 제작 | F12: 2등급 재료(철광석) | G12: 5 | H12: 3등급 재료(미스릴 원석) | I12: 1 | J12: 불필요
A13: 4단계 | B13: 상급 생명력 포션 | C13: =Config!$B$19 -> 0.6 | D13: =Config!$B$15 -> 10 | E13: 던전 3, 4 확률 드롭 / 제작 | F13: 3등급 재료(미스릴 원석) | G13: 5 | H13: 4등급 재료(아다만티움 원석) | I13: 1 | J13: 불필요

Sheet Dungeon_Monster_Specs
A1: 던전별 일반 몬스터 사양, 재료 및 포션/조합서 획득 기댓값 테이블
A2: 던전명 | B2: 일반몹 이름 | C2: 체력(HP) | D2: 공격력(ATK) | E2: 공격속도(AS) | F2: 몹마리당 XP | G2: 1회 마릿수 | H2: 던전클리어 XP | I2: 판당 XP 기댓값 | J2: 재료 1 명칭 | K2: 재료 1 드롭확률 | L2: 재료 2 명칭 | M2: 재료 2 드롭확률 | N2: 판당 재료1 기댓값 | O2: 판당 재료2 기댓값 | P2: 포션 완제품 드롭확률 | Q2: 판당 완제품 포션 기댓값 | R2: 판당 재료기반 제작가능 포션 | S2: 무기 조합서 드롭확률 | T2: 판당 조합서 기댓값
A3: 던전 1 | B3: 하급 고블린 | C3: =ROUND(((VLOOKUP(5,Character_Growth!$A$3:$F$22,3,FALSE)+VLOOKUP("2등급",Weapon_Specs!$A$3:$J$7,3,FALSE))*(VLOOKUP(5,Character_Growth!$A$3:$F$22,4,FALSE)+VLOOKUP("2등급",Weapon_Specs!$A$3:$J$7,4,FALSE)))*Config!$B$13,0) -> 224 | D3: =ROUND(((VLOOKUP(5,Character_Growth!$A$3:$F$22,2,FALSE)*Config!$B$14)/Config!$B$13)/E3,1) -> 1.2 | E3: 0.8 | F3: 24 | G3: 10 | H3: 0 | I3: =(F3*G3)+H3 -> 240 | J3: 1등급 | K3: 0.8 | L3: 2등급 | M3: =0.1+(1/G3) -> 0.2 | N3: =G3*K3 -> 8 | O3: =G3*M3 -> 2 | P3: =0.01+(0.2/G3) -> 0.03 | Q3: =G3*P3 -> 0.3 | R3: =MIN(N3/5, O3/1) -> 1.6 | S3: 0 | T3: =G3*S3 -> 0
A4: 던전 2 | B4: 중급 오크 전사 | C4: =ROUND(((VLOOKUP(10,Character_Growth!$A$3:$F$22,3,FALSE)+VLOOKUP("3등급",Weapon_Specs!$A$3:$J$7,3,FALSE))*(VLOOKUP(10,Character_Growth!$A$3:$F$22,4,FALSE)+VLOOKUP("3등급",Weapon_Specs!$A$3:$J$7,4,FALSE)))*Config!$B$13,0) -> 528 | D4: =ROUND(((VLOOKUP(10,Character_Growth!$A$3:$F$22,2,FALSE)*Config!$B$14)/Config!$B$13)/E4,1) -> 1.9 | E4: 0.9 | F4: 100 | G4: 12 | H4: 0 | I4: =(F4*G4)+H4 -> 1200 | J4: 2등급 | K4: 0.8 | L4: 3등급 | M4: =0.1+(1/G4) -> 0.18333333 | N4: =G4*K4 -> 9.6 | O4: =G4*M4 -> 2.2 | P4: =0.008+(0.2/G4) -> 0.024666667 | Q4: =G4*P4 -> 0.296 | R4: =MIN(N4/5, O4/1) -> 1.92 | S4: 0 | T4: =G4*S4 -> 0
A5: 던전 3 | B5: 상급 가고일 파수꾼 | C5: =ROUND(((VLOOKUP(15,Character_Growth!$A$3:$F$22,3,FALSE)+VLOOKUP("4등급",Weapon_Specs!$A$3:$J$7,3,FALSE))*(VLOOKUP(15,Character_Growth!$A$3:$F$22,4,FALSE)+VLOOKUP("4등급",Weapon_Specs!$A$3:$J$7,4,FALSE)))*Config!$B$13,0) -> 1115 | D5: =ROUND(((VLOOKUP(15,Character_Growth!$A$3:$F$22,2,FALSE)*Config!$B$14)/Config!$B$13)/E5,1) -> 2.5 | E5: 1 | F5: 180 | G5: 15 | H5: 0 | I5: =(F5*G5)+H5 -> 2700 | J5: 3등급 | K5: 0.8 | L5: 4등급 | M5: =0.1+(1/G5) -> 0.16666667 | N5: =G5*K5 -> 12 | O5: =G5*M5 -> 2.5 | P5: =0.007+(0.2/G5) -> 0.020333333 | Q5: =G5*P5 -> 0.305 | R5: =MIN(N5/5, O5/1) -> 2.4 | S5: =0.1/G5 -> 0.0066666667 | T5: =G5*S5 -> 0.1
A6: 던전 4 | B6: 최상급 리치 사령관 | C6: =ROUND(((VLOOKUP(20,Character_Growth!$A$3:$F$22,3,FALSE)+VLOOKUP("5등급",Weapon_Specs!$A$3:$J$7,3,FALSE))*(VLOOKUP(20,Character_Growth!$A$3:$F$22,4,FALSE)+VLOOKUP("5등급",Weapon_Specs!$A$3:$J$7,4,FALSE)))*Config!$B$13,0) -> 2371 | D6: =ROUND(((VLOOKUP(20,Character_Growth!$A$3:$F$22,2,FALSE)*Config!$B$14)/Config!$B$13)/E6,1) -> 2.9 | E6: 1.1 | F6: 300 | G6: 15 | H6: 0 | I6: =(F6*G6)+H6 -> 4500 | J6: 4등급 | K6: 0.8 | L6: 5등급 | M6: =0.12+(2/G6) -> 0.25333333 | N6: =G6*K6 -> 12 | O6: =G6*M6 -> 3.8 | P6: =0.007+(0.2/G6) -> 0.020333333 | Q6: =G6*P6 -> 0.305 | R6: =MIN(N6/5, O6/1) -> 2.4 | S6: =0.08/G6 -> 0.0053333333 | T6: =G6*S6 -> 0.08

Sheet Boss_Specs
A1: 보스 몬스터 상세 스탯 (독립 수식 연동 - 순환 참조 없음)
A2: 보스 구분 | B2: 보스 이름 | C2: 체력(HP) | D2: 공격력(ATK) | E2: 공격속도(AS) | F2: 초당피해(DPS) | G2: 보스처치 XP 보상 | H2: 처치시 대량 재료 보상
A3: 중간보스 1 | B3: 족장 우르크그릴 | C3: =ROUND(((VLOOKUP(5,Character_Growth!$A$3:$F$22,3,FALSE)+VLOOKUP("2등급",Weapon_Specs!$A$3:$J$7,3,FALSE))*(VLOOKUP(5,Character_Growth!$A$3:$F$22,4,FALSE)+VLOOKUP("2등급",Weapon_Specs!$A$3:$J$7,4,FALSE)))*Config!$B$11,-2) -> 1700 | D3: =ROUND((VLOOKUP(5,Character_Growth!$A$3:$F$22,2,FALSE)/Config!$B$12)/E3,1) -> 13 | E3: 1 | F3: =D3*E3 -> 13 | G3: 1118 | H3: 3등급 재료 5개
A4: 중간보스 2 | B4: 지옥 바위 골렘 | C4: =ROUND(((VLOOKUP(10,Character_Growth!$A$3:$F$22,3,FALSE)+VLOOKUP("3등급",Weapon_Specs!$A$3:$J$7,3,FALSE))*(VLOOKUP(10,Character_Growth!$A$3:$F$22,4,FALSE)+VLOOKUP("3등급",Weapon_Specs!$A$3:$J$7,4,FALSE)))*Config!$B$11,-2) -> 4000 | D4: =ROUND((VLOOKUP(10,Character_Growth!$A$3:$F$22,2,FALSE)/Config!$B$12)/E4,1) -> 20.9 | E4: 1.1 | F4: =D4*E4 -> 22.99 | G4: 3162 | H4: 4등급 재료 5개
A5: 중간보스 3 | B5: 파멸의 그림자 드래곤 | C5: =ROUND(((VLOOKUP(15,Character_Growth!$A$3:$F$22,3,FALSE)+VLOOKUP("4등급",Weapon_Specs!$A$3:$J$7,3,FALSE))*(VLOOKUP(15,Character_Growth!$A$3:$F$22,4,FALSE)+VLOOKUP("4등급",Weapon_Specs!$A$3:$J$7,4,FALSE)))*Config!$B$11,-2) -> 8400 | D5: =ROUND((VLOOKUP(15,Character_Growth!$A$3:$F$22,2,FALSE)/Config!$B$12)/E5,1) -> 27.5 | E5: 1.2 | F5: =D5*E5 -> 33 | G5: 5809 | H5: 5등급 재료 5개
A6: 최종보스 | B6: 심연의 군주 아스모데우스 | C6: =ROUND(((VLOOKUP(20,Character_Growth!$A$3:$F$22,3,FALSE)+VLOOKUP("5등급",Weapon_Specs!$A$3:$J$7,3,FALSE))*(VLOOKUP(20,Character_Growth!$A$3:$F$22,4,FALSE)+VLOOKUP("5등급",Weapon_Specs!$A$3:$J$7,4,FALSE)))*Config!$B$11,-2) -> 17800 | D6: =ROUND((VLOOKUP(20,Character_Growth!$A$3:$F$22,2,FALSE)/Config!$B$12)/E6,1) -> 33.1 | E6: 1.3 | F6: =D6*E6 -> 43.03 | G6: 0 | H6: 최종 클리어 훈장 1개

Sheet Combat_Simulation
A1: 보스전 난이도 전투 시뮬레이터 (포션 생존 보정 연동)
A2: 보스전 구분 | B2: 도전 상황 | C2: 도전자 레벨 | D2: 장착 무기 | E2: 플레이어 HP | F2: 플레이어 ATK | G2: 플레이어 AS | H2: 무기 추가 ATK | I2: 무기 추가 AS | J2: 목표 TTK(초) | K2: 플레이어합산ATK | L2: 플레이어합산AS | M2: 플레이어 DPS | N2: 보스 HP | O2: 보스 ATK | P2: 목표 TDD(초) | Q2: 보스 AS | R2: 보스 DPS | S2: 실제 TTK | T2: 실제 TDD(물약보정) | U2: 생존비율(TDD/TTK) | V2: 난이도 평가
A3: 하급 보스전 | B3: 평이한 도전 | C3: 5 | D3: 2등급 | E3: =VLOOKUP(C3, Character_Growth!$A$3:$F$22, 2, FALSE) -> 260 | F3: =VLOOKUP(C3, Character_Growth!$A$3:$F$22, 3, FALSE) -> 22 | G3: =VLOOKUP(C3, Character_Growth!$A$3:$F$22, 4, FALSE) -> 1.12 | H3: =VLOOKUP(D3, Weapon_Specs!$A$3:$J$7, 3, FALSE) -> 24 | I3: =VLOOKUP(D3, Weapon_Specs!$A$3:$J$7, 4, FALSE) -> 0.1 | J3: =Config!$B$11 -> 30 | K3: =F3+H3 -> 46 | L3: =G3+I3 -> 1.22 | M3: =K3*L3*2 -> 112.24 | N3: =Boss_Specs!$C$3 -> 1700 | O3: =Boss_Specs!$D$3 -> 13 | P3: =Config!$B$12 -> 20 | Q3: =Boss_Specs!$E$3 -> 1 | R3: =O3*Q3 -> 13 | S3: =N3/M3 -> 15.146115 | T3: =(E3+(E3*Config!$B$17*Config!$B$16))/R3 -> 32 | U3: =T3/S3 -> 2.1127529 | V3: =IF(U3>=Config!$B$4, "평이함", IF(U3<=Config!$B$5, "공략불가(매우어려움)", "매우어려움(컨트롤요구)")) -> 평이함
A4: 하급 보스전 | B4: 무반복 즉시 도전 | C4: 1 | D4: 1등급 | E4: =VLOOKUP(C4, Character_Growth!$A$3:$F$22, 2, FALSE) -> 100 | F4: =VLOOKUP(C4, Character_Growth!$A$3:$F$22, 3, FALSE) -> 10 | G4: =VLOOKUP(C4, Character_Growth!$A$3:$F$22, 4, FALSE) -> 1 | H4: =VLOOKUP(D4, Weapon_Specs!$A$3:$J$7, 3, FALSE) -> 8 | I4: =VLOOKUP(D4, Weapon_Specs!$A$3:$J$7, 4, FALSE) -> 0.05 | K4: =F4+H4 -> 18 | L4: =G4+I4 -> 1.05 | M4: =K4*L4*2 -> 37.8 | N4: =Boss_Specs!$C$3 -> 1700 | O4: =Boss_Specs!$D$3 -> 13 | Q4: =Boss_Specs!$E$3 -> 1 | R4: =O4*Q4 -> 13 | S4: =N4/M4 -> 44.973545 | T4: =(E4+(E4*Config!$B$17*0))/R4 -> 7.6923077 | U4: =T4/S4 -> 0.17104072 | V4: =IF(U4>=Config!$B$4, "평이함", IF(U4<=Config!$B$5, "공략불가(매우어려움)", "매우어려움(컨트롤요구)")) -> 공략불가(매우어려움)
A5: 중급 보스전 | B5: 평이한 도전 | C5: 10 | D5: 3등급 | E5: =VLOOKUP(C5, Character_Growth!$A$3:$F$22, 2, FALSE) -> 460 | F5: =VLOOKUP(C5, Character_Growth!$A$3:$F$22, 3, FALSE) -> 37 | G5: =VLOOKUP(C5, Character_Growth!$A$3:$F$22, 4, FALSE) -> 1.27 | H5: =VLOOKUP(D5, Weapon_Specs!$A$3:$J$7, 3, FALSE) -> 56 | I5: =VLOOKUP(D5, Weapon_Specs!$A$3:$J$7, 4, FALSE) -> 0.15 | J5: =Config!$B$11 -> 30 | K5: =F5+H5 -> 93 | L5: =G5+I5 -> 1.42 | M5: =K5*L5*2 -> 264.12 | N5: =Boss_Specs!$C$4 -> 4000 | O5: =Boss_Specs!$D$4 -> 20.9 | P5: =Config!$B$12 -> 20 | Q5: =Boss_Specs!$E$4 -> 1.1 | R5: =O5*Q5 -> 22.99 | S5: =N5/M5 -> 15.144631 | T5: =(E5+(E5*Config!$B$18*Config!$B$16))/R5 -> 44.019139 | U5: =T5/S5 -> 2.9065837 | V5: =IF(U5>=Config!$B$4, "평이함", IF(U5<=Config!$B$5, "공략불가(매우어려움)", "매우어려움(컨트롤요구)")) -> 평이함
A6: 중급 보스전 | B6: 무반복 즉시 도전 | C6: 6 | D6: 2등급 | E6: =VLOOKUP(C6, Character_Growth!$A$3:$F$22, 2, FALSE) -> 300 | F6: =VLOOKUP(C6, Character_Growth!$A$3:$F$22, 3, FALSE) -> 25 | G6: =VLOOKUP(C6, Character_Growth!$A$3:$F$22, 4, FALSE) -> 1.15 | H6: =VLOOKUP(D6, Weapon_Specs!$A$3:$J$7, 3, FALSE) -> 24 | I6: =VLOOKUP(D6, Weapon_Specs!$A$3:$J$7, 4, FALSE) -> 0.1 | K6: =F6+H6 -> 49 | L6: =G6+I6 -> 1.25 | M6: =K6*L6*2 -> 122.5 | N6: =Boss_Specs!$C$4 -> 4000 | O6: =Boss_Specs!$D$4 -> 20.9 | Q6: =Boss_Specs!$E$4 -> 1.1 | R6: =O6*Q6 -> 22.99 | S6: =N6/M6 -> 32.653061 | T6: =(E6+(E6*Config!$B$18*0))/R6 -> 13.049152 | U6: =T6/S6 -> 0.39963027 | V6: =IF(U6>=Config!$B$4, "평이함", IF(U6<=Config!$B$5, "공략불가(매우어려움)", "매우어려움(컨트롤요구)")) -> 매우어려움(컨트롤요구)
A7: 상급 보스전 | B7: 평이한 도전 | C7: 15 | D7: 4등급 | E7: =VLOOKUP(C7, Character_Growth!$A$3:$F$22, 2, FALSE) -> 660 | F7: =VLOOKUP(C7, Character_Growth!$A$3:$F$22, 3, FALSE) -> 52 | G7: =VLOOKUP(C7, Character_Growth!$A$3:$F$22, 4, FALSE) -> 1.42 | H7: =VLOOKUP(D7, Weapon_Specs!$A$3:$J$7, 3, FALSE) -> 120 | I7: =VLOOKUP(D7, Weapon_Specs!$A$3:$J$7, 4, FALSE) -> 0.2 | J7: =Config!$B$11 -> 30 | K7: =F7+H7 -> 172 | L7: =G7+I7 -> 1.62 | M7: =K7*L7*2 -> 557.28 | N7: =Boss_Specs!$C$5 -> 8400 | O7: =Boss_Specs!$D$5 -> 27.5 | P7: =Config!$B$12 -> 20 | Q7: =Boss_Specs!$E$5 -> 1.2 | R7: =O7*Q7 -> 33 | S7: =N7/M7 -> 15.073213 | T7: =(E7+(E7*Config!$B$19*Config!$B$16))/R7 -> 56 | U7: =T7/S7 -> 3.7152 | V7: =IF(U7>=Config!$B$4, "평이함", IF(U7<=Config!$B$5, "공략불가(매우어려움)", "매우어려움(컨트롤요구)")) -> 평이함
A8: 상급 보스전 | B8: 조합서 미획득 도전 | C8: 15 | D8: 3등급 | E8: =VLOOKUP(C8, Character_Growth!$A$3:$F$22, 2, FALSE) -> 660 | F8: =VLOOKUP(C8, Character_Growth!$A$3:$F$22, 3, FALSE) -> 52 | G8: =VLOOKUP(C8, Character_Growth!$A$3:$F$22, 4, FALSE) -> 1.42 | H8: =VLOOKUP(D8, Weapon_Specs!$A$3:$J$7, 3, FALSE) -> 56 | I8: =VLOOKUP(D8, Weapon_Specs!$A$3:$J$7, 4, FALSE) -> 0.15 | K8: =F8+H8 -> 108 | L8: =G8+I8 -> 1.57 | M8: =K8*L8*2 -> 339.12 | N8: =Boss_Specs!$C$5 -> 8400 | O8: =Boss_Specs!$D$5 -> 27.5 | Q8: =Boss_Specs!$E$5 -> 1.2 | R8: =O8*Q8 -> 33 | S8: =N8/M8 -> 24.769993 | T8: =(E8+(E8*Config!$B$19*Config!$B$16))/R8 -> 56 | U8: =T8/S8 -> 2.2608 | V8: =IF(U8>=Config!$B$4, "평이함", IF(U8<=Config!$B$5, "공략불가(매우어려움)", "매우어려움(컨트롤요구)")) -> 평이함
A9: 상급 보스전 | B9: 무반복 즉시 도전 | C9: 11 | D9: 3등급 | E9: =VLOOKUP(C9, Character_Growth!$A$3:$F$22, 2, FALSE) -> 500 | F9: =VLOOKUP(C9, Character_Growth!$A$3:$F$22, 3, FALSE) -> 40 | G9: =VLOOKUP(C9, Character_Growth!$A$3:$F$22, 4, FALSE) -> 1.3 | H9: =VLOOKUP(D9, Weapon_Specs!$A$3:$J$7, 3, FALSE) -> 56 | I9: =VLOOKUP(D9, Weapon_Specs!$A$3:$J$7, 4, FALSE) -> 0.15 | K9: =F9+H9 -> 96 | L9: =G9+I9 -> 1.45 | M9: =K9*L9*2 -> 278.4 | N9: =Boss_Specs!$C$5 -> 8400 | O9: =Boss_Specs!$D$5 -> 27.5 | Q9: =Boss_Specs!$E$5 -> 1.2 | R9: =O9*Q9 -> 33 | S9: =N9/M9 -> 30.172414 | T9: =(E9+(E9*Config!$B$19*0))/R9 -> 15.151515 | U9: =T9/S9 -> 0.5021645 | V9: =IF(U9>=Config!$B$4, "평이함", IF(U9<=Config!$B$5, "공략불가(매우어려움)", "매우어려움(컨트롤요구)")) -> 매우어려움(컨트롤요구)
A10: 최종 보스전 | B10: 평이한 도전 | C10: 20 | D10: 5등급 | E10: =VLOOKUP(C10, Character_Growth!$A$3:$F$22, 2, FALSE) -> 860 | F10: =VLOOKUP(C10, Character_Growth!$A$3:$F$22, 3, FALSE) -> 67 | G10: =VLOOKUP(C10, Character_Growth!$A$3:$F$22, 4, FALSE) -> 1.57 | H10: =VLOOKUP(D10, Weapon_Specs!$A$3:$J$7, 3, FALSE) -> 250 | I10: =VLOOKUP(D10, Weapon_Specs!$A$3:$J$7, 4, FALSE) -> 0.3 | J10: =Config!$B$11 -> 30 | K10: =F10+H10 -> 317 | L10: =G10+I10 -> 1.87 | M10: =K10*L10*2 -> 1185.58 | N10: =Boss_Specs!$C$6 -> 17800 | O10: =Boss_Specs!$D$6 -> 33.1 | P10: =Config!$B$12 -> 20 | Q10: =Boss_Specs!$E$6 -> 1.3 | R10: =O10*Q10 -> 43.03 | S10: =N10/M10 -> 15.013749 | T10: =(E10+(E10*Config!$B$19*Config!$B$16))/R10 -> 55.960957 | U10: =T10/S10 -> 3.7273142 | V10: =IF(U10>=Config!$B$4, "평이함", IF(U10<=Config!$B$5, "공략불가(매우어려움)", "매우어려움(컨트롤요구)")) -> 평이함
A11: 최종 보스전 | B11: 조합서 미획득 도전 | C11: 20 | D11: 4등급 | E11: =VLOOKUP(C11, Character_Growth!$A$3:$F$22, 2, FALSE) -> 860 | F11: =VLOOKUP(C11, Character_Growth!$A$3:$F$22, 3, FALSE) -> 67 | G11: =VLOOKUP(C11, Character_Growth!$A$3:$F$22, 4, FALSE) -> 1.57 | H11: =VLOOKUP(D11, Weapon_Specs!$A$3:$J$7, 3, FALSE) -> 120 | I11: =VLOOKUP(D11, Weapon_Specs!$A$3:$J$7, 4, FALSE) -> 0.2 | K11: =F11+H11 -> 187 | L11: =G11+I11 -> 1.77 | M11: =K11*L11*2 -> 661.98 | N11: =Boss_Specs!$C$6 -> 17800 | O11: =Boss_Specs!$D$6 -> 33.1 | Q11: =Boss_Specs!$E$6 -> 1.3 | R11: =O11*Q11 -> 43.03 | S11: =N11/M11 -> 26.88903 | T11: =(E11+(E11*Config!$B$19*Config!$B$16))/R11 -> 55.960957 | U11: =T11/S11 -> 2.0811817 | V11: =IF(U11>=Config!$B$4, "평이함", IF(U11<=Config!$B$5, "공략불가(매우어려움)", "매우어려움(컨트롤요구)")) -> 평이함
A12: 최종 보스전 | B12: 무반복 즉시 도전 | C12: 16 | D12: 4등급 | E12: =VLOOKUP(C12, Character_Growth!$A$3:$F$22, 2, FALSE) -> 700 | F12: =VLOOKUP(C12, Character_Growth!$A$3:$F$22, 3, FALSE) -> 55 | G12: =VLOOKUP(C12, Character_Growth!$A$3:$F$22, 4, FALSE) -> 1.45 | H12: =VLOOKUP(D12, Weapon_Specs!$A$3:$J$7, 3, FALSE) -> 120 | I12: =VLOOKUP(D12, Weapon_Specs!$A$3:$J$7, 4, FALSE) -> 0.2 | K12: =F12+H12 -> 175 | L12: =G12+I12 -> 1.65 | M12: =K12*L12*2 -> 577.5 | N12: =Boss_Specs!$C$6 -> 17800 | O12: =Boss_Specs!$D$6 -> 33.1 | Q12: =Boss_Specs!$E$6 -> 1.3 | R12: =O12*Q12 -> 43.03 | S12: =N12/M12 -> 30.822511 | T12: =(E12+(E12*Config!$B$19*0))/R12 -> 16.26772 | U12: =T12/S12 -> 0.52778699 | V12: =IF(U12>=Config!$B$4, "평이함", IF(U12<=Config!$B$5, "공략불가(매우어려움)", "매우어려움(컨트롤요구)")) -> 매우어려움(컨트롤요구)
